

<!DOCTYPE html>
<html lang="en">

<head>
  <title>Museum of Modern Art Collection | Kaggle</title>
  <meta charset="utf-8" />
    <meta name="robots" content="index, follow" />
  <meta name="description" content="Title, artist, date, and medium of every artwork in the MoMA collection" />
    <meta name="keywords" content="art,museums" />
    <meta name="viewport" content="width=device-width, initial-scale=1.0, maximum-scale=5.0, minimum-scale=1.0">
  <meta name="theme-color" content="#008ABC" />
  <script nonce="bWdHDrU8WLid4A5blBGfdQ==" type="text/javascript">
    window["pageRequestStartTime"] = 1744918179689;
    window["pageRequestEndTime"] = 1744918179857;
    window["initialPageLoadStartTime"] = new Date().getTime();
  </script>
  <script nonce="bWdHDrU8WLid4A5blBGfdQ==" id="gsi-client" src="https://accounts.google.com/gsi/client" async defer></script>
  <script nonce="bWdHDrU8WLid4A5blBGfdQ==">window.KAGGLE_JUPYTERLAB_PATH = "/static/assets/jupyterlab-v4/jupyterlab-index-131ebbbed3b15f1b2c29.html";</script>
  <link rel="preconnect" href="https://www.google-analytics.com" crossorigin="anonymous" /><link rel="preconnect" href="https://stats.g.doubleclick.net" /><link rel="preconnect" href="https://storage.googleapis.com" /><link rel="preconnect" href="https://apis.google.com" />
    <link href="/static/images/favicon.ico" rel="shortcut icon" type="image/x-icon" id="dynamic-favicon" />
  <link rel="manifest" href="/static/json/manifest.json" crossorigin="use-credentials">


  <link rel="preconnect" href="https://fonts.gstatic.com" crossorigin />

  <link href="https://fonts.googleapis.com/css?family=Inter:400,400i,500,500i,600,600i,700,700i&display=swap"
    rel="preload" as="style" />
  <link href="https://fonts.googleapis.com/css2?family=Google+Symbols:FILL@0..1&display=block"
    rel="preload" as="style" />
  <link href="https://fonts.googleapis.com/css?family=Inter:400,400i,500,500i,600,600i,700,700i&display=swap"
    rel="stylesheet" media="print" id="async-google-font-1" />
  <link href="https://fonts.googleapis.com/css2?family=Google+Symbols:FILL@0..1&display=block"
    rel="stylesheet" media="print" id="async-google-font-2" />
  <script nonce="bWdHDrU8WLid4A5blBGfdQ==" type="text/javascript">
    const styleSheetIds = ["async-google-font-1", "async-google-font-2"];
    styleSheetIds.forEach(function (id) {
      document.getElementById(id).addEventListener("load", function() {
        this.media = "all";
      });
    });
  </script>


    <link rel="canonical" href="https://www.kaggle.com/datasets/momanyc/museum-collection" />
    <link rel="stylesheet" type="text/css" href="/static/assets/app.css?v=2d4e7ec4eb689d926191" />

  
    
 
      <script nonce="bWdHDrU8WLid4A5blBGfdQ==">
        try{(function(a,s,y,n,c,h,i,d,e){d=s.createElement("style");
        d.appendChild(s.createTextNode(""));s.head.appendChild(d);d=d.sheet;
        y=y.map(x => d.insertRule(x + "{ opacity: 0 !important }"));
        h.start=1*new Date;h.end=i=function(){y.forEach(x => x<d.cssRules.length ? d.deleteRule(x) : {})};
        (a[n]=a[n]||[]).hide=h;setTimeout(function(){i();h.end=null},c);h.timeout=c;
        })(window,document,['.site-header-react__nav'],'dataLayer',2000,{'GTM-52LNT9S':true});}catch(ex){}
    </script>
    <script nonce="bWdHDrU8WLid4A5blBGfdQ==">
        window.dataLayer = window.dataLayer || [];
        function gtag() { dataLayer.push(arguments); }
        gtag('js', new Date());
        gtag('config', 'G-T7QHS60L4Q', {
            'optimize_id': 'GTM-52LNT9S',
            'displayFeaturesTask': null,
            'send_page_view': false,
            'content_group1': 'Datasets'
        });
    </script>
    <script nonce="bWdHDrU8WLid4A5blBGfdQ==" async src="https://www.googletagmanager.com/gtag/js?id=G-T7QHS60L4Q"></script>

  
    
    <meta property="og:url" content="https://www.kaggle.com/datasets/momanyc/museum-collection" />
    <meta property="og:title" content="Museum of Modern Art Collection" />
    <meta property="og:description" content="Title, artist, date, and medium of every artwork in the MoMA collection" />
    <meta property="og:type" content="website" />
    <meta property="og:image" content="https://storage.googleapis.com/kaggle-datasets-images/836/1535/85c01f32300e3b2c3583dece5d330362/dataset-card.jpg" />
    <meta property="fb:app_id" content="2665027677054710" />

    <meta name="twitter:card" content="summary" />
    <meta name="twitter:site" content="@kaggledatasets" />
        <meta name="twitter:creator" content="@MuseumModernArt" />


  <meta name="twitter:site" content="@Kaggle" /> 
  
    
            <script nonce="bWdHDrU8WLid4A5blBGfdQ==" type="application/ld+json">{"@context":"http://schema.org/","@type":"Dataset","name":"Museum of Modern Art Collection","description":"# Context \n\nThe Museum of Modern Art (MoMA) acquired its first artworks in 1929, the year it was established. Today, the Museum’s evolving collection contains almost 200,000 works from around the world spanning the last 150 years. The collection includes an ever-expanding range of visual expression, including painting, sculpture, printmaking, drawing, photography, architecture, design, film, and media and performance art.\n\n\n# Content\n\nMoMA is committed to helping everyone understand, enjoy, and use our collection. The Museum’s website features 72,706 artworks from 20,956 artists. The artworks dataset contains 130,262 records, representing all of the works that have been accessioned into MoMA’s collection and cataloged in our database. It includes basic metadata for each work, including title, artist, date, medium, dimensions, and date acquired by the Museum. Some of these records have incomplete information and are noted as “not curator approved.” The artists dataset contains 15,091 records, representing all the artists who have work in MoMA's collection and have been cataloged in our database. It includes basic metadata for each artist, including name, nationality, gender, birth year, and death year.\n\n\n# Inspiration\n\nWhich artist has the most works in the museum collection or on display? What is the largest work of art in the collection? How many pieces in the collection were made during your birth year? What gift or donation is responsible for the most artwork in the collection?","url":"https://www.kaggle.com/momanyc/museum-collection","version":1,"keywords":["subject, arts and entertainment, art","subject, arts and entertainment, museums"],"license":{"@type":"CreativeWork","name":"CC0: Public Domain","url":"https://creativecommons.org/publicdomain/zero/1.0/"},"identifier":["836"],"includedInDataCatalog":{"@type":"DataCatalog","name":"Kaggle","url":"https://www.kaggle.com"},"creator":{"@type":"Organization","name":"The Museum of Modern Art","url":"https://www.kaggle.com/organizations/momanyc","image":"https://storage.googleapis.com/kaggle-organizations/459/thumbnail.jpg%3Fr=868"},"distribution":[{"@type":"DataDownload","requiresSubscription":true,"encodingFormat":"zip","fileFormat":"zip","contentUrl":"https://www.kaggle.com/datasets/momanyc/museum-collection/download?datasetVersionNumber=1","contentSize":"6199715 bytes"}],"commentCount":0,"dateModified":"2017-02-15T14:40:59.537Z","discussionUrl":"https://www.kaggle.com/momanyc/museum-collection/discussion","alternateName":"Title, artist, date, and medium of every artwork in the MoMA collection","isAccessibleForFree":true,"thumbnailUrl":"https://storage.googleapis.com/kaggle-datasets-images/836/1535/85c01f32300e3b2c3583dece5d330362/dataset-card.jpg","interactionStatistic":[{"@type":"InteractionCounter","interactionType":"http://schema.org/CommentAction","userInteractionCount":0},{"@type":"InteractionCounter","interactionType":"http://schema.org/DownloadAction","userInteractionCount":7317},{"@type":"InteractionCounter","interactionType":"http://schema.org/ViewAction","userInteractionCount":64103},{"@type":"InteractionCounter","interactionType":"http://schema.org/LikeAction","userInteractionCount":157}]}</script>
        

  
    

  
    


    <script nonce="bWdHDrU8WLid4A5blBGfdQ==">window['useKaggleAnalytics'] = true;</script>

  <script id="gapi-target" nonce="bWdHDrU8WLid4A5blBGfdQ==" src="https://apis.google.com/js/api.js" defer
    async></script>
  <script nonce="bWdHDrU8WLid4A5blBGfdQ==" src="/static/assets/runtime.js?v=df1436e18a8772de66e5"></script>
  <script nonce="bWdHDrU8WLid4A5blBGfdQ==" src="/static/assets/vendor.js?v=a62013a985d655b5d6e4"></script>
  <script nonce="bWdHDrU8WLid4A5blBGfdQ==" src="/static/assets/app.js?v=98850392ea66848061bf"></script>
    <script nonce="bWdHDrU8WLid4A5blBGfdQ==" type="text/javascript">
      window.kaggleStackdriverConfig = {
        key: 'AIzaSyA4eNqUdRRskJsCZWVz-qL655Xa5JEMreE',
        projectId: 'kaggle-161607',
        service: 'web-fe',
        version: 'ci',
        userId: '0'
      }
    </script>
</head>
<body>
  <div id="root">
    








<script nonce="bWdHDrU8WLid4A5blBGfdQ==" type="text/x-mathjax-config">
    MathJax.Hub.Config({
    "HTML-CSS": {
    preferredFont: "TeX",
    availableFonts: ["STIX", "TeX"],
    linebreaks: {
    automatic: true
    },
    EqnChunk: (MathJax.Hub.Browser.isMobile ? 10 : 50)
    },
    tex2jax: {
    inlineMath: [["\\(", "\\)"], ["\\\\(", "\\\\)"]],
    displayMath: [["$$", "$$"], ["\\[", "\\]"]],
    processEscapes: true,
    ignoreClass: "tex2jax_ignore|dno"
    },
    TeX: {
    noUndefined: {
    attributes: {
    mathcolor: "red",
    mathbackground: "#FFEEEE",
    mathsize: "90%"
    }
    }
    },
    Macros: {
    href: "{}"
    },
    skipStartupTypeset: true,
    messageStyle: "none",
    extensions: ["Safe.js"],
    });
</script>
<script type="text/javascript" nonce="bWdHDrU8WLid4A5blBGfdQ==">
  window.addEventListener("DOMContentLoaded", () => {
    const head = document.getElementsByTagName("head")[0];
    const lib = document.createElement("script");
    lib.type = "text/javascript";
    // Always use the production asset in local dev, which is served from GCS. We tried to proxy and / or serve this
    // in a better way in localhost, but it didn't work out. See b/328073416#comment8 for details.
    const forceProdHost = window.location.hostname === "localhost";
    lib.src = `${forceProdHost ? "https://www.kaggle.com" : ""}/static/mathjax/2.7.9/MathJax.js?config=TeX-AMS-MML_HTMLorMML`;
    head.appendChild(lib);
  });
</script>









  </div>
</body>
</html>
